<?xml version="1.0" encoding="UTF-8" standalone="no"?><phonebook><contact><name>Oleksandr</name><lastName>Malyga</lastName><alias>omalyga</alias><emails><email>oleksandrm2dam@gmail.com</email><email>oleksandrm2dam@hotmail.com</email><email>oleksandrm2dam@yahoo.com</email></emails><address>C/ Pueblo pepito 3, 1ºC</address><landlinePhoneNumber>917851127</landlinePhoneNumber><phoneNumbers><phoneNumber>622555089</phoneNumber><phoneNumber>600734404</phoneNumber><phoneNumber>677087505</phoneNumber></phoneNumbers></contact><contact><name>Manolo</name><lastName>Pérez</lastName><alias>manolo</alias><emails><email>mperez@gmail.com</email><email>info.manolo@hotmail.com</email><email>manolop26@gmail.com</email></emails><address>C/ Federeico Grases 34, 6ºB</address><landlinePhoneNumber>918885476</landlinePhoneNumber><phoneNumbers><phoneNumber>644555666</phoneNumber><phoneNumber>608432876</phoneNumber><phoneNumber>675220598</phoneNumber></phoneNumbers></contact><contact><name>José</name><lastName>García Pérez</lastName><alias>jgarcia</alias><emails><email>jgarcia@gmail.com</email></emails><address>C/ Paseo Castellanos 4, 4ºA</address><landlinePhoneNumber>917554432</landlinePhoneNumber><phoneNumbers><phoneNumber>688435654</phoneNumber></phoneNumbers></contact><contact><name>Pedro</name><lastName>González</lastName><alias>pedrog</alias><emails><email>pedrog@gmail.com</email></emails><address>C/ Albox 123</address><landlinePhoneNumber>914445588</landlinePhoneNumber><phoneNumbers><phoneNumber>622888555</phoneNumber><phoneNumber>677554438</phoneNumber></phoneNumbers></contact><contact><name>Sara</name><lastName>Ballesteros</lastName><alias>sarab</alias><emails><email>sara.ballesteros@hotmail.es</email><email>sballesteros@gmail.com</email></emails><address>C/ Rodríguez Lázaro 2, 9ºF</address><landlinePhoneNumber>915468384</landlinePhoneNumber><phoneNumbers><phoneNumber>677544331</phoneNumber><phoneNumber>655394212</phoneNumber></phoneNumbers></contact><contact><name>Sergio</name><lastName>Málaga</lastName><alias>malaga</alias><emails><email>sergio.malaga@gmail.com</email></emails><address>Avenida Pablo Neruda 22, 2ºE</address><landlinePhoneNumber>914345573</landlinePhoneNumber><phoneNumbers><phoneNumber>633087123</phoneNumber><phoneNumber>654848676</phoneNumber></phoneNumbers></contact><contact><name>Miguel</name><lastName>Málaga</lastName><alias>mimalaga</alias><emails><email>miguelm@yahoo.com</email></emails><address>C/ Santanderina 3, 1ºD</address><landlinePhoneNumber>917857726</landlinePhoneNumber><phoneNumbers><phoneNumber>664212847</phoneNumber><phoneNumber>677544376</phoneNumber></phoneNumbers></contact><contact><name>Lucía</name><lastName>García Pérez</lastName><alias>luc</alias><emails><email>luc.gar@gmail.com</email><email>luciaperez@gmail.com</email></emails><address>C/ Madrid 55, 1ºE</address><landlinePhoneNumber/><phoneNumbers><phoneNumber>655433233</phoneNumber></phoneNumbers></contact><contact><name>Diego</name><lastName>Álvarez</lastName><alias/><emails/><address/><landlinePhoneNumber/><phoneNumbers><phoneNumber>601004553</phoneNumber></phoneNumbers></contact><contact><name>Álvaro</name><lastName>Velázquez</lastName><alias>av</alias><emails><email>alvarov@gmail.com</email></emails><address/><landlinePhoneNumber/><phoneNumbers/></contact><contact><name>Antonio</name><lastName>Rodríguez</lastName><alias/><emails/><address/><landlinePhoneNumber/><phoneNumbers/></contact><contact><name>Blanca</name><lastName>Flor</lastName><alias>bflor</alias><emails/><address/><landlinePhoneNumber/><phoneNumbers><phoneNumber>655321233</phoneNumber></phoneNumbers></contact></phonebook>